ID,Name,Last Name,Email,Gender,DOB
6062,Edison,Hegmann,edison.hegmann@email.com,Genderqueer,1999-03-23
2078,Era,Bednar,era.bednar@email.com,Genderqueer,1979-03-30
7033,Fumiko,Feeney,fumiko.feeney@email.com,Non-binary,1975-10-21
5910,Jefferson,Morissette,jefferson.morissette@email.com,Female,1983-03-10
7745,Lionel,Lindgren,lionel.lindgren@email.com,Bigender,2004-09-29
5102,Matha,Mraz,matha.mraz@email.com,Female,1990-05-18
6466,Orval,DuBuque,orval.dubuque@email.com,Bigender,2001-09-10
2212,Reyes,Glover,reyes.glover@email.com,Genderfluid,1961-08-05
9979,Ronnie,Hudson,ronnie.hudson@email.com,Genderqueer,1983-05-03
437,Waldo,Hilll,waldo.hilll@email.com,Genderfluid,1967-05-19
